{
  "project_info": {
    "project_number": "873374223573",
    "firebase_url": "https://fcmdemo-8d85e.firebaseio.com",
    "project_id": "fcmdemo-8d85e",
    "storage_bucket": "fcmdemo-8d85e.appspot.com"
  },
  "client": [
    {
      "client_info": {
        "mobilesdk_app_id": "1:873374223573:android:982f9a29bcf43200e2a65c",
        "android_client_info": {
          "package_name": "com.example.fcm"
        }
      },
      "oauth_client": [
        {
          "client_id": "873374223573-bd771g7das3ug2jb281uumpgj3uipkpq.apps.googleusercontent.com",
          "client_type": 3
        }
      ],
      "api_key": [
        {
          "current_key": "AIzaSyB_G7c3JqBu_l0gDs-A1jJNUcBr3S1HKeU"
        }
      ],
      "services": {
        "appinvite_service": {
          "other_platform_oauth_client": [
            {
              "client_id": "873374223573-bd771g7das3ug2jb281uumpgj3uipkpq.apps.googleusercontent.com",
              "client_type": 3
            }
          ]
        }
      }
    }
  ],
  "configuration_version": "1"
}